Trecho|tempo_inicio|tempo_fim|comeca_locutor
bom então vamo lá olha eu existe o|00:00:00.000|00:00:03.139|True
Bitcoin aí eu compro bitcoins quando eu|00:00:03.149|00:00:05.030|False
prefiro falar não Considero que Bitcoin|00:00:05.040|00:00:06.950|False
a investimento desde mais ou menos 2013|00:00:06.960|00:00:09.620|False
se a data que eu comecei a comprar|00:00:09.630|00:00:11.180|False
ativamente porque antes disso eu já|00:00:11.190|00:00:12.980|False
tinha alguns bitcoins animais que eu|00:00:12.990|00:00:14.299|False
ganhava de diferentes formas quem é|00:00:14.309|00:00:15.950|False
trabalhei com programação a inclusive as|00:00:15.960|00:00:18.290|False
a programação sabe que as pessoas ali já|00:00:18.300|00:00:20.269|False
tinha uma familiaridade com bitcoins e|00:00:20.279|00:00:22.400|False
gostava ali desse pagar para alguns|00:00:22.410|00:00:24.380|False
serviços nessa moeda mesmo quando ainda|00:00:24.390|00:00:26.000|False
não era lá uma coisa muito funcional|00:00:26.010|00:00:29.110|False
E aí|00:00:29.120|00:00:31.680|False
é isso não me fez ficar muito de|00:00:33.440|00:00:35.590|False
bilionário pelo contrário porque eu|00:00:35.600|00:00:37.029|False
nunca tive uma quantidade muito grande|00:00:37.039|00:00:38.200|False
porque eu uso 20 corrente forma|00:00:38.210|00:00:39.939|False
entusiasta mesmo então você pegasse tem|00:00:39.949|00:00:41.799|False
também a alguns bitcoins ali esse|00:00:41.809|00:00:43.869|False
processo eu não imaginava nunca que|00:00:43.879|00:00:45.490|False
chegar nesse valor que chegou agora eu|00:00:45.500|00:00:47.229|False
sempre soube que esse valorizar os 200|00:00:47.239|00:00:49.149|False
então acabei ganhando algum dinheiro com|00:00:49.159|00:00:50.560|False
isso mas nunca achei que fosse uma coisa|00:00:50.570|00:00:52.329|False
do jeito que é hoje né é eu sempre achei|00:00:52.339|00:00:54.490|False
ele que era muito mais uma coisa de|00:00:54.500|00:00:55.990|False
gente gosta de liberdade tudo que seria|00:00:56.000|00:00:58.030|False
difícil a população aceitar isso aí mas|00:00:58.040|00:01:00.250|False
pelo que a gente vê o Bitcoin tá cada|00:01:00.260|00:01:01.779|False
vez ficando mais aceitabilidade eu quero|00:01:01.789|00:01:03.639|False
contribuir com esse movimento aqui o|00:01:03.649|00:01:05.469|False
bicicleta seja cada vez mais|00:01:05.479|00:01:06.609|False
compreendido e aceito ao redor do mundo|00:01:06.619|00:01:08.469|False
então eu comecei a fazer alguns vídeos|00:01:08.479|00:01:10.210|False
sobre bitcoins eu sei que não Google ele|00:01:10.220|00:01:12.249|False
no começo não era o que eu estava|00:01:12.259|00:01:13.419|False
esperando de fato mas agora vou mostrar|00:01:13.429|00:01:15.309|False
para vocês na prática mesmo então fazer|00:01:15.319|00:01:17.320|False
uma série de vídeos aqui eu acho que|00:01:17.330|00:01:18.550|False
você 415 vídeos ainda tô pensando|00:01:18.560|00:01:20.230|False
explicando ele desde o começo então pra|00:01:20.240|00:01:22.480|False
começar aqui nos últimos dois meses aí|00:01:22.490|00:01:24.669|False
eu tenho o aumentado consideravelmente|00:01:24.679|00:01:26.139|False
minha posição e bitcoins neto inclusive|00:01:26.149|00:01:28.389|False
na carteira do canal desse mês né a|00:01:28.399|00:01:30.249|False
gente chegou até agora 17.5 por cento de|00:01:30.259|00:01:32.889|False
toda a car|00:01:32.899|00:01:33.440|False
a Crypton moedas né então a o valor que|00:01:33.450|00:01:36.800|False
eu tinha encaixa de basicamente da|00:01:36.810|00:01:38.719|False
Carteira do canal eu vou movimentar para|00:01:38.729|00:01:40.969|False
bitcoins né então fiz aquele|00:01:40.979|00:01:42.380|False
investimento diferente ainda não houve|00:01:42.390|00:01:43.880|False
meter-se caixa mas a ideia que eu não|00:01:43.890|00:01:45.649|False
quero ter dinheiro mas em real Na|00:01:45.659|00:01:47.330|False
quantidade que eu tava tendo né E porque|00:01:47.340|00:01:48.889|False
né a gente tá no processo é onde eu|00:01:48.899|00:01:51.529|False
acredito que a inflação vai aumentar|00:01:51.539|00:01:52.969|False
bastante o índice de preços ao|00:01:52.979|00:01:54.559|False
consumidor amplo IPCA mesma ainda não|00:01:54.569|00:01:56.270|False
aumentou mas a gente já vi vários outros|00:01:56.280|00:01:57.649|False
indicadores ele sendo corrigido|00:01:57.659|00:01:59.779|False
seriamente para quantidade de dinheiro|00:01:59.789|00:02:01.999|False
que foi injetado na nossa economia e a|00:02:02.009|00:02:04.039|False
economia mundial como tudo a papel-moeda|00:02:04.049|00:02:06.380|False
em seu não acredito que vai ser uma|00:02:06.390|00:02:08.120|False
coisa que vai ter capacidade de reter|00:02:08.130|00:02:09.650|False
valor ao longo dos anos então eu tento|00:02:09.660|00:02:11.479|False
aumentei reserva de valor é de tudo|00:02:11.489|00:02:13.569|False
pretendo aumentar também a minha|00:02:13.579|00:02:15.920|False
quantidade de bitcoins aí a a na minha|00:02:15.930|00:02:18.259|False
carteira tá então nos últimos dois meses|00:02:18.269|00:02:19.940|False
aí a gente chegou né A na carteira do|00:02:19.950|00:02:22.430|False
canal que vocês vão assistindo o vídeo|00:02:22.440|00:02:23.720|False
já vou mostrar que é um spoiler né a|00:02:23.730|00:02:25.490|False
gente chegou aí a um Bitcoin a 1.025|00:02:25.500|00:02:28.819|False
bitcoins aqui na cotação de hoje tá mais|00:02:28.829|00:02:30.740|False
ou menos 60.000 a601|00:02:30.750|00:02:33.420|False
a viagem você 107 centavos em bitcoins|00:02:33.430|00:02:36.420|False
aí na carteira né que corresponde aí a|00:02:36.430|00:02:38.640|False
carta do canal tem os 400 mil reais|00:02:38.650|00:02:40.559|False
420.000 não sei o valor exato que esse|00:02:40.569|00:02:42.569|False
mesmo da porta foram grandes a a gente|00:02:42.579|00:02:44.459|False
chegou aí então a de 17,5 por cento na|00:02:44.469|00:02:47.759|False
cotação de hoje na carteira de bitcoins|00:02:47.769|00:02:49.800|False
né aquele o print do aplicativo Vocês|00:02:49.810|00:02:51.360|False
conseguem ver né o valor exato que eu|00:02:51.370|00:02:52.979|False
falei aí que a gente tem o saldo Total|00:02:52.989|00:02:54.360|False
além Crypton moedas de modo geral que|00:02:54.370|00:02:56.280|False
também tem um pouco de tiro aqui né de|00:02:56.290|00:02:58.550|False
11.160 e 9,37 dólares ele né então um|00:02:58.560|00:03:02.640|False
saldo bem interessante aí já é bitcoins|00:03:02.650|00:03:04.379|False
né a uma coisa bem curiosa fora isso né|00:03:04.389|00:03:07.170|False
começou entusiasta da moeda e eu não fiz|00:03:07.180|00:03:09.270|False
simplesmente é esses após aqui no meio|00:03:09.280|00:03:11.550|False
eu comprei muito mais 20 com esse aqui|00:03:11.560|00:03:12.929|False
eu usei elas ações mesmo duas opções às|00:03:12.939|00:03:15.000|False
vezes para enviar dinheiro para fora vou|00:03:15.010|00:03:16.440|False
mostrar para vocês como é que pode ser|00:03:16.450|00:03:17.699|False
feito então simplesmente eu posso|00:03:17.709|00:03:19.440|False
comprar bitcoins no Brasil e se a taxa|00:03:19.450|00:03:21.209|False
foi menor por exemplo que eu pagaria no|00:03:21.219|00:03:22.800|False
remessa online aí qualquer coisa posso|00:03:22.810|00:03:24.479|False
comprar que bonitinho enviar para fora e|00:03:24.489|00:03:26.280|False
sacar lá fora né É uma coisa muito|00:03:26.290|00:03:27.929|False
simples de ser feita e muitas vezes o|00:03:27.939|00:03:30.390|False
processo pode ser até mais rápido do que|00:03:30.400|00:03:32.280|False
enviar dinheiro em dólar|00:03:32.290|00:03:33.430|False
a fazer isso algumas vezes Aí eu|00:03:33.440|00:03:35.260|False
aproveito sempre para comprar um pouco|00:03:35.270|00:03:36.730|False
para lá e para cá então esse é um|00:03:36.740|00:03:37.990|False
procedimento que eu faço bastante aqui|00:03:38.000|00:03:39.580|False
vocês podem ver o histórico né no|00:03:39.590|00:03:40.900|False
Exchange ali que eu tô usando para|00:03:40.910|00:03:42.190|False
comprar os bitcoins ultimamente então a|00:03:42.200|00:03:44.290|False
nessa atingir aqui vocês podem ver o|00:03:44.300|00:03:45.940|False
histórico ali eu fiz várias pequenas|00:03:45.950|00:03:47.140|False
transações né de saques MT coisa de|00:03:47.150|00:03:49.420|False
dinheiro para lá tá sua mente com essa|00:03:49.430|00:03:50.950|False
aqui bitcoins e eu vou gastando e|00:03:50.960|00:03:52.540|False
pagando pessoas inclusive o melhor aluno|00:03:52.550|00:03:54.700|False
do curso recebeu e bitcoins que eu acho|00:03:54.710|00:03:56.500|False
que o Bitcoin tem que ser a a também|00:03:56.510|00:03:58.180|False
utilizava como ela vejo muita gente|00:03:58.190|00:03:59.710|False
querendo investir em Bitcoin para ficar|00:03:59.720|00:04:01.390|False
rico mas não é nada disso né o Bitcoin|00:04:01.400|00:04:03.820|False
tem um grande poder de conservar o valor|00:04:03.830|00:04:05.980|False
e a gente vai entender porque aqui|00:04:05.990|00:04:07.240|False
porque eu vou explicar para vocês o que|00:04:07.250|00:04:08.410|False
que é o Bitcoin para gente começar aqui|00:04:08.420|00:04:10.090|False
aí eu quero explicar para vocês aqui|00:04:10.100|00:04:11.740|False
agora né Será que eu sou louco Será que|00:04:11.750|00:04:13.930|False
o raio é doido vai ficar ali com 60 mil|00:04:13.940|00:04:16.150|False
reais é só que vocês sabem que tá na|00:04:16.160|00:04:18.729|False
minha carteira aí que eu mostrei aqui|00:04:18.739|00:04:19.990|False
pra vocês eu tenho mais que isso ainda|00:04:20.000|00:04:21.460|False
um bitcoins né Será que eu sou maluco|00:04:21.470|00:04:23.470|False
Por que diabos ele a O Raul tem uma|00:04:23.480|00:04:25.570|False
exposição tão grande uma Crypton moeda E|00:04:25.580|00:04:27.730|False
aí é o que eu quero fazer aqui pra vocês|00:04:27.740|00:04:29.620|False
o explica no quê que é o Bitcoin e para|00:04:29.630|00:04:31.210|False
que que ele serve né com isso você vai|00:04:31.220|00:04:32.830|False
conseguir|00:04:32.840|00:04:33.439|False
a dimensão primeiro tópico aqui para a|00:04:33.449|00:04:35.719|False
gente ir abordar é o que é o Bitcoin|00:04:35.729|00:04:37.489|False
para que ele serve não sai nesse vídeo|00:04:37.499|00:04:39.230|False
que você vai adorar entender aqui Como|00:04:39.240|00:04:41.420|False
funciona essa rede por quê que eu confio|00:04:41.430|00:04:43.010|False
tanto do Bitcoin agora que é sardinha|00:04:43.020|00:04:44.809|False
Raíssa tu já vai na confiança né Deixa|00:04:44.819|00:04:47.450|False
aquele like aqui a já se inscreve no|00:04:47.460|00:04:49.760|False
canal se você ainda não é o gol na|00:04:49.770|00:04:51.499|False
conferência aqui é uma estratégia que a|00:04:51.509|00:04:52.850|False
gente tem aqui que fala o seguinte se o|00:04:52.860|00:04:54.290|False
vídeo ficou bom o cara já deixe o like|00:04:54.300|00:04:55.579|False
antes de assistir como é que vai saber|00:04:55.589|00:04:57.140|False
que é bom se não for no final e|00:04:57.150|00:04:58.249|False
utilidade slide cartão sardinha raiz já|00:04:58.259|00:05:00.439|False
vem na conferência comigo já deixe o|00:05:00.449|00:05:01.790|False
like se você veio a competência já|00:05:01.800|00:05:03.409|False
comenta aí para mim que eu estou ansioso|00:05:03.419|00:05:05.420|False
para conhecer os ardis ali que realmente|00:05:05.430|00:05:07.519|False
são raízes mesmo então o que que o|00:05:07.529|00:05:09.769|False
Bitcoin para que que ele serve né eu vou|00:05:09.779|00:05:11.300|False
explicar ali é realmente tudo agora para|00:05:11.310|00:05:13.730|False
vocês sobre isso então começando pela|00:05:13.740|00:05:15.499|False
etimologia ali né Bitcoin Bitcoin é a|00:05:15.509|00:05:18.769|False
menor unidade de armazenamento da|00:05:18.779|00:05:20.570|False
computação é E com isso significa moeda|00:05:20.580|00:05:22.730|False
Qual é uma moeda digital você vai pegar|00:05:22.740|00:05:24.559|False
esse nome aí a ele significa basicamente|00:05:24.569|00:05:26.600|False
isso é melhor idade armazenamento mais|00:05:26.610|00:05:28.550|False
moeda né então um bitly um Bitcoin uma|00:05:28.560|00:05:31.070|False
pequena quantidade de informação|00:05:31.080|00:05:33.420|False
é que ficou o nome legal também sonora|00:05:33.430|00:05:35.760|False
mais lembrando disso né que me sulfite é|00:05:35.770|00:05:37.530|False
com ele você tá vendo uma moeda tá toda|00:05:37.540|00:05:40.320|False
a definição simples mesmo assim para|00:05:40.330|00:05:42.000|False
você saber na vida que o Bitcoin é uma|00:05:42.010|00:05:43.440|False
moeda digital ele foi criado para que|00:05:43.450|00:05:45.810|False
qualquer pessoa no mundo possa fazer|00:05:45.820|00:05:47.550|False
transações aí sem intermediários olha|00:05:47.560|00:05:50.010|False
essa palavra sem intermediários de|00:05:50.020|00:05:52.260|False
maneira online piru piru seja de pessoa|00:05:52.270|00:05:54.390|False
para pessoa responsável que a computador|00:05:54.400|00:05:55.890|False
ele sem necessidade passar por nenhum|00:05:55.900|00:05:57.930|False
outro sistema Isso significa que quando|00:05:57.940|00:05:59.850|False
você quer transferir Bitcoin para uma|00:05:59.860|00:06:01.140|False
pessoa você não precisa de um banco de|00:06:01.150|00:06:03.240|False
um governo você precisa nem de nenhuma|00:06:03.250|00:06:04.860|False
outra instituição para negociar a esse|00:06:04.870|00:06:07.110|False
vídeo aí pra enviar Bitcoin de uma|00:06:07.120|00:06:08.280|False
pessoa para outra tá a única coisa que|00:06:08.290|00:06:09.840|False
você precisa ele é do endereço da|00:06:09.850|00:06:11.370|False
carteira dessa pessoa e aí você vai|00:06:11.380|00:06:13.020|False
enviar para ela o Bitcoin e acabou|00:06:13.030|00:06:14.430|False
ninguém tem nada a ver com isso ninguém|00:06:14.440|00:06:15.750|False
sabe o que que foi comprado essa|00:06:15.760|00:06:17.190|False
transação nem nada o Bitcoin é 100|00:06:17.200|00:06:19.080|False
porcento anônimo se você quiser mesmo|00:06:19.090|00:06:21.030|False
todas as transações serão públicas e ele|00:06:21.040|00:06:23.070|False
acontece as transações acontecem na hora|00:06:23.080|00:06:24.600|False
e para enviar daqui para o outro lado do|00:06:24.610|00:06:26.520|False
mundo para enviar a quantidade se eu|00:06:26.530|00:06:27.780|False
quiser pegar 60 mil reais enviar agora|00:06:27.790|00:06:29.430|False
para essa pessoa eu não teria problema|00:06:29.440|00:06:31.680|False
né não tem que dar nenhuma justificativa|00:06:31.690|00:06:33.090|False
e nem|00:06:33.100|00:06:33.430|False
o que ela recebeu esse valor isso não|00:06:33.440|00:06:36.040|False
acontece quando a gente ia finalizações|00:06:36.050|00:06:37.540|False
em banco ali mesmo tempo dinheiro no|00:06:37.550|00:06:39.580|False
banco vamos supor que eu chego lá agora|00:06:39.590|00:06:40.780|False
e falou quero sacar 100.000 reais 200|00:06:40.790|00:06:43.030|False
mil reais muito provavelmente o banco|00:06:43.040|00:06:45.100|False
medida que eu não posso sacar esse valor|00:06:45.110|00:06:46.540|False
assim eu preciso avisar por quê que eu|00:06:46.550|00:06:48.550|False
tô sacando esse valor e forma um horário|00:06:48.560|00:06:50.230|False
onde eu vou na agência sacar esse|00:06:50.240|00:06:51.280|False
dinheiro então o dinheiro mesmo sendo|00:06:51.290|00:06:52.810|False
seu você não tem autorização aí para|00:06:52.820|00:06:55.090|False
movê-lo da forma que você quiser se você|00:06:55.100|00:06:56.710|False
quiser fazer uma transferência um pouco|00:06:56.720|00:06:58.150|False
mais fácil de um valor mais alto desde|00:06:58.160|00:07:00.310|False
que você esteja dentro do horário do|00:07:00.320|00:07:02.470|False
expediente bancário então das nove horas|00:07:02.480|00:07:04.060|False
da manhã ele as 16 horas das 16 horas da|00:07:04.070|00:07:06.910|False
tarde se você quiser fazer qualquer|00:07:06.920|00:07:08.080|False
transferência fora nesse horário mesmo|00:07:08.090|00:07:10.030|False
dinheiro sendo seu você não poderia ali|00:07:10.040|00:07:12.490|False
no fim de semana por exemplo o Bitcoin|00:07:12.500|00:07:13.990|False
diferente diz pode ser transferido 24|00:07:14.000|00:07:15.970|False
horas por dia sem necessidade de a|00:07:15.980|00:07:17.290|False
entidade reguladora alguma Essa é a|00:07:17.300|00:07:19.690|False
magia do negócio e por isso que ele foi|00:07:19.700|00:07:21.430|False
criado para pessoas que gostam muito de|00:07:21.440|00:07:23.170|False
verdade que não querem depender a de|00:07:23.180|00:07:25.510|False
nenhum terceiro para poder cuidar do|00:07:25.520|00:07:27.220|False
próprio dinheiro né por isso que tá|00:07:27.230|00:07:28.540|False
tendo cada vez mais adoção em países que|00:07:28.550|00:07:31.270|False
têm burocracias maiores a líder cada|00:07:31.280|00:07:33.220|False
país|00:07:33.230|00:07:33.439|False
o café muito grande que não permite que|00:07:33.449|00:07:35.570|False
a pessoa a compre dólares a libras e|00:07:35.580|00:07:37.730|False
colocar da Argentina agora quer comprar|00:07:37.740|00:07:39.409|False
o meu que segue Azul Dog a Venezuela eu|00:07:39.419|00:07:41.390|False
fico na crise por isso que as pessoas|00:07:41.400|00:07:42.489|False
aderiram a esse sistema porque elas não|00:07:42.499|00:07:44.779|False
querem depender do governo Então quando|00:07:44.789|00:07:46.790|False
você vai fazer uma transferência por|00:07:46.800|00:07:48.890|False
exemplo não a Ted vamos porque os uma|00:07:48.900|00:07:50.450|False
Ted minha para você é diferente disso a|00:07:50.460|00:07:53.029|False
o banco vai realizar essa transferência|00:07:53.039|00:07:54.920|False
né E aí vamos supor que eu diga para|00:07:54.930|00:07:56.779|False
você a Olha eu transferi para você r$|00:07:56.789|00:07:58.820|False
30000 e você me disse que não recebeu a|00:07:58.830|00:08:01.610|False
gente não tem como verificar essa|00:08:01.620|00:08:03.379|False
informação eu falei ah ah que transferir|00:08:03.389|00:08:05.540|False
você tá falando que não recebeu Quem que|00:08:05.550|00:08:07.369|False
é o intermediário desse o banco se a|00:08:07.379|00:08:09.019|False
gente Black processar um outro a gente|00:08:09.029|00:08:10.640|False
vai ter que chamar o banco ali e o banco|00:08:10.650|00:08:12.379|False
vai ter que falar o alerta essa|00:08:12.389|00:08:13.519|False
transferência foi feita essa|00:08:13.529|00:08:14.629|False
transferência não foi feita a gente tem|00:08:14.639|00:08:16.129|False
que confiar na palavra dele do banco é|00:08:16.139|00:08:18.230|False
óbvio que o banco de tensa confiança|00:08:18.240|00:08:19.879|False
entre a população porque senão o nosso|00:08:19.889|00:08:21.589|False
sistema estaria todo a problemática mas|00:08:21.599|00:08:24.050|False
esse é o chamado sistema Centralizado de|00:08:24.060|00:08:25.969|False
banco de fato Nega essa transação|00:08:25.979|00:08:27.529|False
aconteceu mesmo que ela tem acontecido|00:08:27.539|00:08:29.510|False
para o sistema oficial então ela não vai|00:08:29.520|00:08:31.549|False
ter acontecido a gente teria um problema|00:08:31.559|00:08:33.079|False
livre|00:08:33.089|00:08:33.420|False
e tem que levar alguma outra entidade|00:08:33.430|00:08:35.610|False
superior ao banco que também uma|00:08:35.620|00:08:37.079|False
entidade centralizada para verificar|00:08:37.089|00:08:38.579|False
essa transação não tem como a gente|00:08:38.589|00:08:40.440|False
verificar no caso do Bitcoin ele é um|00:08:40.450|00:08:42.870|False
sistema distribuído tá então é um|00:08:42.880|00:08:45.090|False
sistema Centralizado não tem um poder|00:08:45.100|00:08:47.070|False
ali que define que essa transferência|00:08:47.080|00:08:48.720|False
foi feita as transferências ficam|00:08:48.730|00:08:50.730|False
gravadas ali no registro público chamado|00:08:50.740|00:08:52.620|False
blockchain E aí o seguinte todos os|00:08:52.630|00:08:54.930|False
usuários do Bitcoin eles também validam|00:08:54.940|00:08:57.420|False
as operações tá então válida a validação|00:08:57.430|00:08:59.940|False
desse transferência é feita utilizando|00:08:59.950|00:09:01.740|False
um problema matemático que é Ultra|00:09:01.750|00:09:03.420|False
complexo que resolvido por um computador|00:09:03.430|00:09:04.920|False
se a transação foi aceita pela maioria|00:09:04.930|00:09:07.079|False
dos computadores essa transação foi|00:09:07.089|00:09:09.000|False
validada todo mundo pode ver ela a hora|00:09:09.010|00:09:11.310|False
que quiser que eu só falei que tá|00:09:11.320|00:09:12.570|False
escrito aquela carteira qualquer pessoa|00:09:12.580|00:09:14.550|False
na rede do Bitcoin pode confirmar ele|00:09:14.560|00:09:16.350|False
não sabe aquela carteira do Raul do|00:09:16.360|00:09:17.910|False
Pedro não existe o nome dessas pessoas|00:09:17.920|00:09:19.530|False
mas aquele número daquela carteira de|00:09:19.540|00:09:21.389|False
registro todo mundo já sabe Olha esse|00:09:21.399|00:09:23.250|False
vídeo com esse lado aqui foi pra cá|00:09:23.260|00:09:24.269|False
então isso é 100 porcento público e todo|00:09:24.279|00:09:26.519|False
mundo faz parte disso então é um|00:09:26.529|00:09:28.470|False
computador ele faz essa validação ali|00:09:28.480|00:09:30.300|False
essa validação só é possível e graças ao|00:09:30.310|00:09:32.579|False
sistema de distribuição|00:09:32.589|00:09:33.430|False
e três exemplos pra vocês aí entenderem|00:09:33.440|00:09:35.920|False
tá que é muito difícil entender isso|00:09:35.930|00:09:37.750|False
então que o sistema da rede centralizada|00:09:37.760|00:09:39.220|False
onde todos os pontos com verde para o|00:09:39.230|00:09:41.080|False
mesmo lugar que é o sistema mais ou|00:09:41.090|00:09:42.880|False
menos ali do banco né todos os seus|00:09:42.890|00:09:45.190|False
pontos ao transferir do Bradesco Portal|00:09:45.200|00:09:47.050|False
tudo tudo passa pelo banco central ali|00:09:47.060|00:09:49.120|False
ele autenticando todas as transferências|00:09:49.130|00:09:50.800|False
a rede de centralizada seria se a gente|00:09:50.810|00:09:53.050|False
tivesse por exemplo um banco central em|00:09:53.060|00:09:54.550|False
cada espinho né E esses bancos centrais|00:09:54.560|00:09:56.410|False
diferente eles sabiam descentralizados|00:09:56.420|00:09:58.090|False
ali a validade de suas operações é a|00:09:58.100|00:10:00.070|False
rede distribuída é um modelo de todos os|00:10:00.080|00:10:02.680|False
computadores no caso da bochecha em|00:10:02.690|00:10:04.030|False
todos os computadores são capazes de|00:10:04.040|00:10:05.890|False
armazenar validade e transferir bitcoins|00:10:05.900|00:10:08.170|False
todo mundo que tá na rede ele pode|00:10:08.180|00:10:09.760|False
armazenar validar e transferir a todo|00:10:09.770|00:10:12.220|False
mundo que usa o Bitcoin é também o|00:10:12.230|00:10:13.960|False
validador ali dessa rede como um todo tá|00:10:13.970|00:10:16.330|False
para a gente ter uma visão da Vote em|00:10:16.340|00:10:18.040|False
para você conseguir visualizar e eu sei|00:10:18.050|00:10:20.050|False
que é muito difícil imagina um grande|00:10:20.060|00:10:22.360|False
livro tá mais um livro ali e nesse livro|00:10:22.370|00:10:25.420|False
toda vez que alguém faz uma|00:10:25.430|00:10:26.320|False
transferência é escrita e a caneta então|00:10:26.330|00:10:28.420|False
assim Paulo transferiu 10 milhões para|00:10:28.430|00:10:31.930|False
Raul né aí|00:10:31.940|00:10:33.440|False
o frio 0,10 bitcoins para Paulo de volta|00:10:33.450|00:10:36.380|False
Paulo transferiu 0,01 bitcoins para|00:10:36.390|00:10:39.140|False
Denis a porta antes de qualquer|00:10:39.150|00:10:40.250|False
quantidade depois da, Mix Dennis|00:10:40.260|00:10:42.380|False
transferiu 0,01 bitcoins para a lutar|00:10:42.390|00:10:45.440|False
não é porque quantidade mas tem muitas|00:10:45.450|00:10:47.150|False
casas depois da, ali que você pode|00:10:47.160|00:10:48.950|False
transferir são chamados a tocha está as|00:10:48.960|00:10:51.140|False
vírgulas ali depois do Bitcoin são|00:10:51.150|00:10:52.850|False
chamados fatores então toda vez que|00:10:52.860|00:10:54.440|False
alguém fizer a transferência nesse livro|00:10:54.450|00:10:56.090|False
é escrito isso tá a vó tinha ele nada|00:10:56.100|00:10:58.670|False
mais é que um livro de registros onde|00:10:58.680|00:11:00.320|False
uma nova informação é acrescentada na|00:11:00.330|00:11:01.880|False
rede só que para inserir uma nova|00:11:01.890|00:11:03.920|False
informação nessa rede é necessário|00:11:03.930|00:11:05.630|False
resolver um problema a temática Então|00:11:05.640|00:11:07.130|False
tudo vez por exemplo o Raul a transferir|00:11:07.140|00:11:09.290|False
ele para o Paulo 00 bitcoins A rede vai|00:11:09.300|00:11:12.140|False
pedir um problema matemático muito|00:11:12.150|00:11:13.700|False
difícil Vai comandar a expressão|00:11:13.710|00:11:14.960|False
numérica imagina gigante fala assim|00:11:14.970|00:11:17.000|False
resolver o computador que resolver essa|00:11:17.010|00:11:20.060|False
operação primeiro ponto de resolver essa|00:11:20.070|00:11:22.160|False
é a operação primeiro ele ganha uma|00:11:22.170|00:11:23.960|False
pequena fração zinha de bitcoins ele é|00:11:23.970|00:11:25.850|False
premiado por isso então o poder|00:11:25.860|00:11:27.620|False
computacional Olha que consegui resolver|00:11:27.630|00:11:29.450|False
essa equação recebe ali uma pequena|00:11:29.460|00:11:31.310|False
quantidade de vítimas E aí com essa|00:11:31.320|00:11:33.420|False
o tipo de coisa depois remunerado por|00:11:33.430|00:11:35.639|False
esse serviço depois que ele fez essa|00:11:35.649|00:11:37.530|False
solução da expressão numérica fica muito|00:11:37.540|00:11:40.019|False
fácil resolver entendeu ele vai voltaria|00:11:40.029|00:11:41.880|False
ao desenvolvimento da expressão e vai|00:11:41.890|00:11:43.769|False
mandar para os outros computadores os|00:11:43.779|00:11:44.940|False
computadores vão falar assim ó Tá certo|00:11:44.950|00:11:47.070|False
não tá certo é só os pulos para|00:11:47.080|00:11:48.870|False
verificar isso é muito simples tá então|00:11:48.880|00:11:51.000|False
é muito mais fácil aqui para resolver se|00:11:51.010|00:11:52.680|False
a mesma coisa que quando você tem ali a|00:11:52.690|00:11:54.870|False
o livro de resposta do professor você|00:11:54.880|00:11:56.699|False
consegue saber como é que ele chegou no|00:11:56.709|00:11:57.900|False
raciocínio você não conseguiria chegar|00:11:57.910|00:11:59.579|False
Talvez se tivesse a expressão numérica é|00:11:59.589|00:12:01.290|False
muito difícil exige um poder|00:12:01.300|00:12:02.790|False
computacional muito grandes contadores|00:12:02.800|00:12:04.139|False
40 resolver depois que o primeiro|00:12:04.149|00:12:06.090|False
resolveu ele manda é quase falei Aí|00:12:06.100|00:12:07.680|False
galera tá certo aí os outros|00:12:07.690|00:12:09.060|False
computadores vão tá certo e aí eles vão|00:12:09.070|00:12:10.920|False
aceitar esse novo bloco que foi criado|00:12:10.930|00:12:13.230|False
ali só|00:12:13.240|00:12:15.540|False
Então de informações que foi|00:12:13.240|00:12:15.540|False
ali só|00:12:15.540|00:12:15.550|False
Então de informações que foi|00:12:15.540|00:12:15.550|False
ali só|00:12:15.550|00:12:17.940|False
Então de informações que foi|00:12:15.550|00:12:17.940|False
criada na Botina dentro da Block Então|00:12:15.550|00:12:17.940|False
desse livro gigante imagina estão todas|00:12:17.950|00:12:21.120|False
as atualizações de 20 coisas já foram|00:12:21.130|00:12:22.560|False
feitas na história olha que louco né|00:12:22.570|00:12:24.480|False
então tudo desde o primeiro ali tá lá e|00:12:24.490|00:12:27.360|False
ele vem escrevendo um sistema muito|00:12:27.370|00:12:28.650|False
simples e vai escrever as novas|00:12:28.660|00:12:29.910|False
informações e para cada um novo bloco|00:12:29.920|00:12:31.500|False
ele cria um problema matemático E aí|00:12:31.510|00:12:33.430|False
a matemática existe e é criado um novo|00:12:33.440|00:12:35.410|False
bloco e aqui tem uma lista para você|00:12:35.420|00:12:37.180|False
entender mais ou menos como é que|00:12:37.190|00:12:38.140|False
funciona isso né Tem um conjunto de|00:12:38.150|00:12:39.520|False
blocos aqui se você está vendo aqui oito|00:12:39.530|00:12:41.410|False
blocos e você tá vendo mais seguro a|00:12:41.420|00:12:43.540|False
esquerda né mas segundo ele os verdinhos|00:12:43.550|00:12:45.700|False
e menos Seguros a direita os|00:12:45.710|00:12:47.830|False
vermelhinhos E no meio os amarelinhos|00:12:47.840|00:12:49.570|False
então ele a cada 10 minutos o novo bloco|00:12:49.580|00:12:52.510|False
acrescentando nessa rede como um novo|00:12:52.520|00:12:54.730|False
bloco acrescentando A cada 10 minutos|00:12:54.740|00:12:56.170|False
ele vai validar o bloco anterior também|00:12:56.180|00:12:58.540|False
E aí ele tem que resolver esse problema|00:12:58.550|00:13:00.310|False
matemático para criar para registrar|00:13:00.320|00:13:02.470|False
todas as referências feitas no Bitcoin é|00:13:02.480|00:13:04.270|False
complicado ele vai registrar todas as|00:13:04.280|00:13:06.130|False
transferências feitas o Bitcoin e vai|00:13:06.140|00:13:07.810|False
gerar uma pressãozinha de Bitcoin para|00:13:07.820|00:13:09.430|False
quem conseguir resolver o problema|00:13:09.440|00:13:10.390|False
matemático só que a cada novo bloco ele|00:13:10.400|00:13:13.210|False
ele válida todos os blocos anteriores|00:13:13.220|00:13:15.760|False
então por exemplo aqui você vê o bloco|00:13:15.770|00:13:17.500|False
150 Quando foi criado o blog 151 cada|00:13:17.510|00:13:20.560|False
bloco desse tem um nome vamos supor|00:13:20.570|00:13:21.910|False
chama arrastar não tem uma informação|00:13:21.920|00:13:23.530|False
ele vai validar o bloco anterior e vai|00:13:23.540|00:13:25.810|False
de ó esse bloco realmente tá tudo certo|00:13:25.820|00:13:27.760|False
tá tudo certo aí você criou o bloco 152|00:13:27.770|00:13:29.950|False
validar os 151 151 e os próprios e 52|00:13:29.960|00:13:33.440|False
e sucessivamente por isso que quanto|00:13:33.450|00:13:35.600|False
mais velho com bloco é da reservations|00:13:35.610|00:13:37.960|False
mais forte ele é mais seguro ele é|00:13:37.970|00:13:40.610|False
porque ele seria mais difícil ser|00:13:40.620|00:13:42.050|False
alterado porque já foi validado muitas|00:13:42.060|00:13:43.910|False
vezes então olhei quando você chega por|00:13:43.920|00:13:45.620|False
exemplo os votos foram criados os dez|00:13:45.630|00:13:47.030|False
minutos ali eles são os menos Seguros|00:13:47.040|00:13:48.920|False
Apesar deles serem muito Seguros eles|00:13:48.930|00:13:50.810|False
são menos Seguros que o bloco criado há|00:13:50.820|00:13:52.550|False
um mês então o toda vez que eu amo boa|00:13:52.560|00:13:54.920|False
foi criado ele vai voltar verificando|00:13:54.930|00:13:56.900|False
todas as informações Tá certo ó essa|00:13:56.910|00:13:58.490|False
transferência aqui tá tudo certo esse|00:13:58.500|00:13:59.630|False
problema matemático tava tudo certo sim|00:13:59.640|00:14:01.310|False
então que logo logo e aí vai fazer isso|00:14:01.320|00:14:03.140|False
o outro então cada vez mais que um bloco|00:14:03.150|00:14:05.060|False
fica mais antigo na rede depois de uma|00:14:05.070|00:14:06.620|False
hora por exemplo e se torna um bloco|00:14:06.630|00:14:08.210|False
excessivamente seguro que ele foi|00:14:08.220|00:14:09.470|False
checado várias vezes várias e várias|00:14:09.480|00:14:11.660|False
várias então um bloco de se ter uma|00:14:11.670|00:14:13.520|False
quantidade de informações específicas|00:14:13.530|00:14:15.110|False
ele nem imagina que ele é um livro caixa|00:14:15.120|00:14:16.610|False
lá um monte de informações fazer por|00:14:16.620|00:14:18.590|False
1000 transferências feitas e aí essas|00:14:18.600|00:14:20.210|False
transferências são válidas Então os|00:14:20.220|00:14:22.190|False
mineradores eles criam esses novos|00:14:22.200|00:14:23.810|False
blocos né para poder armazenar essas|00:14:23.820|00:14:26.330|False
informações e garantir as transferências|00:14:26.340|00:14:28.160|False
entre as carteiras né então Raul|00:14:28.170|00:14:29.600|False
transferiu tanto plantando a gente vai|00:14:29.610|00:14:31.400|False
ter criar um bloco desse vai ser|00:14:31.410|00:14:32.570|False
verificado aqui não|00:14:32.580|00:14:33.420|False
e vai criar um novo bloco na rede então|00:14:33.430|00:14:36.000|False
diversos computadores do mundo agora né|00:14:36.010|00:14:38.040|False
são milhares de computadores eles estão|00:14:38.050|00:14:39.930|False
ali 24 horas a por dia tentando criar|00:14:39.940|00:14:42.570|False
novos Blocos para ganhar essa recompensa|00:14:42.580|00:14:44.100|False
tentando resolver escovar temático quem|00:14:44.110|00:14:45.960|False
resolve primeiro valendo bloco que ganha|00:14:45.970|00:14:48.210|False
ou pequena quantidade zinha de 20 com|00:14:48.220|00:14:49.829|False
ele quer um chamado mineração é isso que|00:14:49.839|00:14:51.870|False
você ouvir alguém falar com ninguém|00:14:51.880|00:14:53.160|False
falar que tá melhorando A Bitcoin|00:14:53.170|00:14:54.860|False
antigamente era possível minerar Bitcoin|00:14:54.870|00:14:56.940|False
meu computador normal né porque fica|00:14:56.950|00:14:58.740|False
rede era muito pequena quantidade de|00:14:58.750|00:15:00.210|False
informações era muito menor e validar|00:15:00.220|00:15:02.070|False
esses moldes era muito mais fácil|00:15:02.080|00:15:03.389|False
imagina quanto só tinha um bloco né|00:15:03.399|00:15:04.920|False
tinha que resolver um problema até mais|00:15:04.930|00:15:06.420|False
pessoal criado outro bloco tô sempre|00:15:06.430|00:15:07.710|False
ficando muito e agora que existe sabe|00:15:07.720|00:15:09.570|False
quantos mil blocos é preciso de resolver|00:15:09.580|00:15:11.130|False
todos os problemas matemáticos|00:15:11.140|00:15:12.389|False
anteriores Então tá de mandando ele cada|00:15:12.399|00:15:14.130|False
vez mais um poder computacional maior|00:15:14.140|00:15:15.840|False
para resolver esses problemas né e|00:15:15.850|00:15:17.850|False
ganhar em uma quantidade de bitcoins|00:15:17.860|00:15:19.680|False
hoje em dia não é mais possível fazer|00:15:19.690|00:15:20.880|False
isso tem gente ali que eu empresa na|00:15:20.890|00:15:22.710|False
gigante eu vou colocar uma foto para|00:15:22.720|00:15:23.850|False
você sair com vários computadores ali|00:15:23.860|00:15:25.650|False
para fazer essa mineração de Bitcoin|00:15:25.660|00:15:27.329|False
está Inclusive a Venezuela falou que vai|00:15:27.339|00:15:28.889|False
fazer isso aí não sei quem que energia|00:15:28.899|00:15:30.240|False
que eu gasto energético para fazer isso|00:15:30.250|00:15:31.980|False
aí é gigante é mais diamante|00:15:31.990|00:15:33.430|False
os dois ligados né e na internet seus|00:15:33.440|00:15:36.100|False
computadores todos que compõem essa rede|00:15:36.110|00:15:37.870|False
ali 51 por cento dos contadores|00:15:37.880|00:15:39.640|False
compareço aí de validar em falar em que|00:15:39.650|00:15:41.470|False
a informação está correta então o novo|00:15:41.480|00:15:43.240|False
blog criado essas transações são todas|00:15:43.250|00:15:44.920|False
as Seitas aí o Raul vai realmente ser|00:15:44.930|00:15:46.660|False
transferido por João tal coisa por quê|00:15:46.670|00:15:48.520|False
Porque esse problema está aceito ele|00:15:48.530|00:15:49.840|False
ficou toda a rede e realmente tá certo e|00:15:49.850|00:15:52.060|False
faz parte dessa rede do Bitcoin tá então|00:15:52.070|00:15:54.640|False
quando eles fazem isso vamos criar novos|00:15:54.650|00:15:56.620|False
blocos E aí vai dar tudo certo então|00:15:56.630|00:15:58.420|False
agora você quer malandrão ali deve tá|00:15:58.430|00:16:00.100|False
pensando em vir ao E se eu colocar ele|00:16:00.110|00:16:01.930|False
essa informação se todo mundo pode né E|00:16:01.940|00:16:04.450|False
se eu colocar ali nesse formação para|00:16:04.460|00:16:05.740|False
transferir 2020 coisa para o João eu vou|00:16:05.750|00:16:07.720|False
colocar ali né que eu canso de 24 O João|00:16:07.730|00:16:09.970|False
O João ganhar um monte de dinheiro e a|00:16:09.980|00:16:11.800|False
gente poderia dividir ali né ou eu|00:16:11.810|00:16:13.810|False
poderia acrescentar na minha própria|00:16:13.820|00:16:15.010|False
carteira esse dinheiro então se você|00:16:15.020|00:16:17.050|False
criar um novo bloco de informação não|00:16:17.060|00:16:18.580|False
tem problema nenhum você vai criar esses|00:16:18.590|00:16:19.840|False
o bloco só que todas as outras máquinas|00:16:19.850|00:16:21.910|False
ele que estão ligadas bom rejeitar esse|00:16:21.920|00:16:23.800|False
bloco A solicitar esse bloco é esse blog|00:16:23.810|00:16:26.260|False
vai ser só seu olho não serve para nada|00:16:26.270|00:16:27.610|False
ele não tá validado na rede Bitcoin e|00:16:27.620|00:16:29.590|False
ele não transferiu ali com as carteiras|00:16:29.600|00:16:31.480|False
de Bitcoin essa informação então|00:16:31.490|00:16:33.439|False
é uma informação inútil todos os|00:16:33.449|00:16:35.840|False
computadores da rede vão receber essa|00:16:35.850|00:16:37.099|False
informação simultaneamente todos eles|00:16:37.109|00:16:38.749|False
vão fazer a verificação eles vão|00:16:38.759|00:16:40.039|False
rejeitar seu Bloco porque ele não tem|00:16:40.049|00:16:41.599|False
assinatura ali dos restos na sequência|00:16:41.609|00:16:43.939|False
ele não foi criado da maneira que|00:16:43.949|00:16:45.409|False
deveria e com bloco adulterado não se|00:16:45.419|00:16:48.199|False
existem 20 do computador de fazer essa|00:16:48.209|00:16:49.639|False
verificação por exemplo você vai criar|00:16:49.649|00:16:51.979|False
essa informação e ela vai ser rejeitado|00:16:51.989|00:16:53.749|False
e os outros 19/1991 computadores vão|00:16:53.759|00:16:56.030|False
seguir na rede Você vai ficar lá para|00:16:56.040|00:16:57.349|False
trás com seu Bloco errado então qualquer|00:16:57.359|00:16:59.359|False
bloco que foge à regra do sistema a|00:16:59.369|00:17:01.159|False
gente não foi liberado não foi criado|00:17:01.169|00:17:02.629|False
pelo sistema tradicional do Bitcoin ele|00:17:02.639|00:17:04.429|False
é rejeitada imediatamente os boxes Então|00:17:04.439|00:17:06.230|False
o que é um bloco desse também todos os|00:17:06.240|00:17:08.029|False
outros blocos na sua rede vão passar a|00:17:08.039|00:17:09.289|False
ser rejeitados a partir de isso porque|00:17:09.299|00:17:10.669|False
ele nenhum tenha ao resto e as|00:17:10.679|00:17:12.350|False
informações da rede original então é|00:17:12.360|00:17:14.179|False
como se todo mundo tivesse escrevendo no|00:17:14.189|00:17:15.799|False
bloco de caneta preta né todo mundo tá|00:17:15.809|00:17:18.379|False
registrando ali de caneta preta|00:17:18.389|00:17:19.669|False
assassinatos as canetas são tudo iguais|00:17:19.679|00:17:21.169|False
você acrescenta informação Lady vermelho|00:17:21.179|00:17:23.090|False
você passa um like the paper ele não sei|00:17:23.100|00:17:25.519|False
como é que chama o ex na sua cidade que|00:17:25.529|00:17:27.019|False
a cidade é o nome né propagador de|00:17:27.029|00:17:28.850|False
caneta ali você passa e se escreve de|00:17:28.860|00:17:30.830|False
novo vermelho em cima fica muito|00:17:30.840|00:17:32.269|False
grotesco todo|00:17:32.279|00:17:33.420|False
e da região perceber e ninguém vai|00:17:33.430|00:17:35.670|False
registrar então a única maneira que você|00:17:35.680|00:17:37.530|False
teria de fato me frown dali era se você|00:17:37.540|00:17:40.080|False
tivesse 51 por cento do Poder|00:17:40.090|00:17:41.880|False
computacional do mundo por quê que você|00:17:41.890|00:17:43.350|False
poderia fazer você poderia ser esse|00:17:43.360|00:17:45.000|False
bloco e você responde pela maioria da|00:17:45.010|00:17:46.770|False
rede você poderia adulterar ali então|00:17:46.780|00:17:49.170|False
esses blocos E aí 51 por cento dos|00:17:49.180|00:17:51.720|False
contadores aceitariam o bloco para o|00:17:51.730|00:17:54.300|False
Dueto E aí você passaria então a seguir|00:17:54.310|00:17:56.400|False
a rede agora com sua rede para loretta|00:17:56.410|00:17:58.560|False
Então esse é o chamado ataque 51 por|00:17:58.570|00:18:00.240|False
cento se você tivesse mais 51 por cento|00:18:00.250|00:18:02.010|False
do Poder computacional de toda a rede|00:18:02.020|00:18:03.840|False
dos milhares de computadores ali ao|00:18:03.850|00:18:05.340|False
redor do mundo então você teria que ter|00:18:05.350|00:18:06.750|False
mais poder que todo mundo né|00:18:06.760|00:18:08.040|False
computacional nem aí você conseguiria|00:18:08.050|00:18:10.140|False
ali então é a fazer esse ataque aí você|00:18:10.150|00:18:12.510|False
conseguir criar um bloco falso só que|00:18:12.520|00:18:14.550|False
hoje a rede muito muito grande cada dia|00:18:14.560|00:18:17.130|False
ela cresce mais hoje você teria que|00:18:17.140|00:18:18.780|False
fazer um investimento multibilionária|00:18:18.790|00:18:20.100|False
ali para gente ficar isso e o problema é|00:18:20.110|00:18:22.350|False
o seguinte ver se você tivesse muitos|00:18:22.360|00:18:24.270|False
milhões ele que fosse necessário para|00:18:24.280|00:18:25.830|False
isso e que você realmente tivesse|00:18:25.840|00:18:27.450|False
disposto a fazer isso assim que você|00:18:27.460|00:18:29.160|False
conseguisse quebrar a segurança da rede|00:18:29.170|00:18:30.510|False
todos os bitcoins estão a dentro nós|00:18:30.520|00:18:32.250|False
beber mais nada né porque|00:18:32.260|00:18:33.430|False
o valor do Bitcoin lembra é a crença da|00:18:33.440|00:18:35.529|False
população ele não tem lastro ali né|00:18:35.539|00:18:37.659|False
então eu moeda lastreada Então a partir|00:18:37.669|00:18:39.789|False
do momento que você conseguiu fazer isso|00:18:39.799|00:18:41.019|False
para que quem vai querer vir coisa para|00:18:41.029|00:18:42.549|False
tu ver se consegue fraudar e criar o|00:18:42.559|00:18:43.930|False
tanto que você quiser então ninguém mais|00:18:43.940|00:18:45.369|False
é querer então se você pensa dessa|00:18:45.379|00:18:47.169|False
maneira conseguir fazer aquilo ali né|00:18:47.179|00:18:48.759|False
com muito dinheiro você teria que ser um|00:18:48.769|00:18:50.259|False
cara muito f*** você seria perdido todo|00:18:50.269|00:18:52.389|False
o seu dinheiro tá então você não queria|00:18:52.399|00:18:53.769|False
mais nada você ter simplesmente feito|00:18:53.779|00:18:55.180|False
isso para destruir a rede ali mas você|00:18:55.190|00:18:57.310|False
não teria uma recompensa Financeira em|00:18:57.320|00:18:59.169|False
torno diz além do que isso seria o custo|00:18:59.179|00:19:01.629|False
excessivo para qualquer coisa no mundo|00:19:01.639|00:19:03.759|False
tem um país o seriam um consumo|00:19:03.769|00:19:05.830|False
excessivo hoje em dia para computador|00:19:05.840|00:19:07.299|False
que a gente tem você sabe nem se é|00:19:07.309|00:19:08.470|False
possível de fato que alguém consiga|00:19:08.480|00:19:10.360|False
quebrar essa rede a com essa segurança|00:19:10.370|00:19:12.279|False
dessa maneira é você vai pensar Nossa|00:19:12.289|00:19:13.720|False
então ela não é plenamente seguro Nada|00:19:13.730|00:19:15.639|False
no mundo é 100 porcento seguro né todo o|00:19:15.649|00:19:17.320|False
banco ali tem um sistema também aquele|00:19:17.330|00:19:18.850|False
fotografia ali uma reprografia da senha|00:19:18.860|00:19:21.070|False
que também pode ser quebrada com poder|00:19:21.080|00:19:22.570|False
computacional tá só que além de tudo o|00:19:22.580|00:19:25.240|False
banco ali um sistema concentrado em um|00:19:25.250|00:19:27.009|False
único lugar então se alguém quisesse|00:19:27.019|00:19:28.840|False
desculpa por exemplo seria muito mais|00:19:28.850|00:19:30.490|False
fácil invadir a rede do Itaú ali eu|00:19:30.500|00:19:32.440|False
quero te conhecer né|00:19:32.450|00:19:33.440|False
é bem perto do Poder computacional da|00:19:33.450|00:19:35.509|False
boca gente tá cama nem perto nem se|00:19:35.519|00:19:37.250|False
compara ali então é muito menos seguro|00:19:37.260|00:19:39.409|False
né o bicho foi pro lado até diferentes|00:19:39.419|00:19:41.269|False
computadores ao redor do mundo inteiro é|00:19:41.279|00:19:43.039|False
descentralizar você nem sabe onde você|00:19:43.049|00:19:44.539|False
teria que atacar me para danificar e|00:19:44.549|00:19:46.519|False
dizer que realmente criar computadores e|00:19:46.529|00:19:48.139|False
tudo para fazer isso então os bitcoins|00:19:48.149|00:19:50.029|False
ali eles são criados né somente nesse|00:19:50.039|00:19:52.549|False
processo de mineração é aí que está O|00:19:52.559|00:19:55.009|False
Grande Truque do Bitcoin então o governo|00:19:55.019|00:19:56.810|False
nenhum pode decidir ele imprimir de|00:19:56.820|00:19:58.549|False
coisa tanto a direita criar bitcoins que|00:19:58.559|00:20:00.169|False
existe o médico o imposto um limite ali|00:20:00.179|00:20:02.090|False
de 21 milhões de unidades tá então a|00:20:02.100|00:20:04.129|False
partir disso não vão ser mais criadas|00:20:04.139|00:20:05.930|False
novas moedas Bitcoin Então já tá|00:20:05.940|00:20:07.639|False
limitado já se sabe o número máximo tipo|00:20:07.649|00:20:09.529|False
de coisa ainda não existe 20 milhões mas|00:20:09.539|00:20:11.480|False
o número máximo de 20 coisa que poderão|00:20:11.490|00:20:13.009|False
ser criados no mundo serão 20 milhões e|00:20:13.019|00:20:14.990|False
como muita gente perde depois igual já|00:20:15.000|00:20:16.669|False
perdi também já fiz vídeo aqui para|00:20:16.679|00:20:17.960|False
vocês então a tendência que o bitcoins|00:20:17.970|00:20:19.940|False
sejam moeda deflacionária quanto mais|00:20:19.950|00:20:22.190|False
pessoas quiserem comprar a quantidade de|00:20:22.200|00:20:24.350|False
bitcoins permanece a mesma o que vai|00:20:24.360|00:20:25.759|False
acontecer O valor vai subir né então o|00:20:25.769|00:20:28.129|False
Bitcoin ele tá simplesmente lastreado|00:20:28.139|00:20:30.560|False
ali na confiança das pessoas irão moeda|00:20:30.570|00:20:32.720|False
de funcionar|00:20:32.730|00:20:33.420|False
a cada vez mais ele vai diminuir a|00:20:33.430|00:20:35.610|False
quantidade oferta da moeda disponível no|00:20:35.620|00:20:37.800|False
mercado Diferentemente do real do dólar|00:20:37.810|00:20:39.750|False
né que o governo pode imprimir o tanto|00:20:39.760|00:20:41.010|False
que ele quiser ele o Bitcoin não pode|00:20:41.020|00:20:42.570|False
ser impresso por ninguém que você|00:20:42.580|00:20:43.620|False
entendeu agora como o Bitcoin é criada|00:20:43.630|00:20:45.750|False
como funciona toda essa rede ali do|00:20:45.760|00:20:48.060|False
Bitcoin é melhor moeda de fracionária|00:20:48.070|00:20:49.920|False
Porque existe uma quantidade limitada|00:20:49.930|00:20:51.000|False
cada vez mais pessoas estão a Kelly não|00:20:51.010|00:20:53.670|False
é a oferta continua a mesma e cada vez a|00:20:53.680|00:20:55.500|False
demanda aumenta com isso o Bitcoin tende|00:20:55.510|00:20:57.480|False
a aumentar o preço no longo prazo|00:20:57.490|00:20:59.100|False
obviamente ele tem uma oscilação gigante|00:20:59.110|00:21:00.990|False
isso que não é recomendação para que|00:21:01.000|00:21:02.310|False
você compra evite conhece ainda vou|00:21:02.320|00:21:03.750|False
fazer muitos vídeos para você entender|00:21:03.760|00:21:05.700|False
sistema que eu só precisava te explicar|00:21:05.710|00:21:07.590|False
isso para ficar claro para você né outro|00:21:07.600|00:21:09.690|False
conceito que é muito discutido quando a|00:21:09.700|00:21:11.400|False
gente fala aqui sobre o Bitcoin na você|00:21:11.410|00:21:13.020|False
deve ter percebido que o Bitcoin ele não|00:21:13.030|00:21:14.370|False
tem um laço Raul que tem um lastro lá|00:21:14.380|00:21:16.650|False
quando você tem por exemplo a dólar|00:21:16.660|00:21:19.710|False
antigamente né Se eu tivesse um dólar|00:21:19.720|00:21:21.240|False
anos 1970 e poucos ele a você tinha uma|00:21:21.250|00:21:23.700|False
nota de dólar existe uma quantidade de|00:21:23.710|00:21:25.560|False
ouro lá dentro do Banco Central para|00:21:25.570|00:21:27.900|False
esse dólar então você poderia trocar o|00:21:27.910|00:21:29.610|False
celular em ouro então aqui eu tinha um|00:21:29.620|00:21:30.840|False
valor real né Apesar que você só nota de|00:21:30.850|00:21:32.850|False
papel|00:21:32.860|00:21:33.430|False
o certificado que te garantir uma|00:21:33.440|00:21:35.470|False
quantidade de ouro ali disponível né que|00:21:35.480|00:21:37.720|False
você poderia ter acesso a esse olho a|00:21:37.730|00:21:39.249|False
hora que você quiser hoje em dia a o|00:21:39.259|00:21:41.950|False
Bitcoin não tem laço de Fato né não você|00:21:41.960|00:21:43.690|False
não vale nada o valor dele simplesmente|00:21:43.700|00:21:45.430|False
a confiança das pessoas hoje em dia o|00:21:45.440|00:21:47.860|False
dólar o real e todas as moedas do mundo|00:21:47.870|00:21:49.419|False
também não tem mais laço então se você|00:21:49.429|00:21:51.190|False
não sabia né o real que você tem aí não|00:21:51.200|00:21:53.440|False
vale mais o que pedaço de Ouro o dobras|00:21:53.450|00:21:55.330|False
você tem e não vai mais um pedacinho lá|00:21:55.340|00:21:57.159|False
de ouro né ai eu tenho lá Quantos|00:21:57.169|00:21:59.080|False
milhões de doses vale tanto de votos não|00:21:59.090|00:22:01.060|False
vale mais nada esse dinheiro|00:22:01.070|00:22:02.409|False
simplesmente é baseado na confiança Aqui|00:22:02.419|00:22:04.480|False
as pessoas têm do público que emitiu por|00:22:04.490|00:22:06.610|False
isso que você vê ali que quando a|00:22:06.620|00:22:07.749|False
confiança na Venezuela diminuiu né|00:22:07.759|00:22:09.909|False
quando lá o governo two-tone A nota foi|00:22:09.919|00:22:12.310|False
lá para baixo o governo imprimi essa|00:22:12.320|00:22:13.690|False
quantidade de notas do jeito que ele|00:22:13.700|00:22:15.129|False
quiser por isso aqui hoje né já que a|00:22:15.139|00:22:17.259|False
gente não tem lastro moeda nenhuma que|00:22:17.269|00:22:18.879|False
que você prefere um laço uma moeda que|00:22:18.889|00:22:20.619|False
ninguém pode criar ninguém pode imprimir|00:22:20.629|00:22:22.330|False
nem o governo nem ninguém ou laço João|00:22:22.340|00:22:24.190|False
moeda que simplesmente vale a palavra de|00:22:24.200|00:22:26.080|False
um político né de um grupo de políticos|00:22:26.090|00:22:27.850|False
então eu prefiro o Bitcoin Eu prefiro a|00:22:27.860|00:22:30.580|False
ter uma moeda que não é ali dependente|00:22:30.590|00:22:33.440|False
E os políticos era uma moeda que tá ali|00:22:33.450|00:22:35.690|False
funcionando por conta própria depende|00:22:35.700|00:22:37.549|False
unicamente da população né então assim|00:22:37.559|00:22:39.769|False
se a gente acreditar que o Bitcoin de|00:22:39.779|00:22:41.509|False
valor como a gente acredita ele vai Eu|00:22:41.519|00:22:43.430|False
por exemplo a gente tá falando aqui o|00:22:43.440|00:22:44.570|False
Bitcoin várias 66.000 que é o que eu|00:22:44.580|00:22:46.370|False
comprei aqui nessa 60 mil reais na|00:22:46.380|00:22:48.049|False
verdade aí o vídeo corrente uma coisa só|00:22:48.059|00:22:50.090|False
eu comprei depois entregar então|00:22:50.100|00:22:51.740|False
Portanto ele vai se vocês comprar ele|00:22:51.750|00:22:53.360|False
também vale esse a gente começar a usar|00:22:53.370|00:22:55.039|False
entre as ações ele vai valer da mesma|00:22:55.049|00:22:56.600|False
forma que o dinheiro até porque o|00:22:56.610|00:22:57.620|False
dinheiro tava na confiança da palavra do|00:22:57.630|00:22:59.600|False
governo eo banco central e a gente tá|00:22:59.610|00:23:01.399|False
pegando uma moeda que que tá fazendo na|00:23:01.409|00:23:02.840|False
confiança dos seres humanos que a gente|00:23:02.850|00:23:04.490|False
acredita que vale a gente vai lá e|00:23:04.500|00:23:05.779|False
compra ele por esse valor portanto vale|00:23:05.789|00:23:07.549|False
a gente pode trocar ele por outras|00:23:07.559|00:23:08.840|False
coisas que é o potente fazer né Cada Vez|00:23:08.850|00:23:10.759|False
usar mais o bicho não vão moeda e|00:23:10.769|00:23:12.080|False
portanto ele encontra valor ali então de|00:23:12.090|00:23:14.269|False
fato que foi não tem um laço tá isso é|00:23:14.279|00:23:16.129|False
verdade mesmo que as pessoas falarem|00:23:16.139|00:23:17.600|False
para você é um fato muita gente defende|00:23:17.610|00:23:19.970|False
a teoria de que a gente pode tava|00:23:19.980|00:23:21.620|False
baseada ali no laço da energia né então|00:23:21.630|00:23:24.019|False
Bitcoin não poderia valer menos ali que|00:23:24.029|00:23:26.029|False
o gasto energético que for necessário|00:23:26.039|00:23:27.830|False
para criar eu acredito tanto Nisso|00:23:27.840|00:23:29.600|False
porque depende muito do dia que vai|00:23:29.610|00:23:31.250|False
ficar desfile foi Depende muito do lugar|00:23:31.260|00:23:33.019|False
né|00:23:33.029|00:23:33.420|False
a porta lógica isso aí seria uma coisa|00:23:33.430|00:23:35.730|False
que fizesse muito sentido Então acho que|00:23:35.740|00:23:37.380|False
realmente Bitcoin não tem laço ele é|00:23:37.390|00:23:38.880|False
baseado na confiança pública mas é assim|00:23:38.890|00:23:40.830|False
que eu prefiro que seja inclusive uma|00:23:40.840|00:23:42.180|False
moeda do que confiança no governo que|00:23:42.190|00:23:44.070|False
pode criar moeda a porta direita pelo|00:23:44.080|00:23:45.720|False
menos vídeo hein não pode criar a gente|00:23:45.730|00:23:47.640|False
tem uma quantidade limitada de bitcoins|00:23:47.650|00:23:49.290|False
e a gente vai transferir eles aqui e|00:23:49.300|00:23:51.240|False
acreditando uns dos outros a gente vai|00:23:51.250|00:23:52.890|False
criar valor para essa com ela Pega com|00:23:52.900|00:23:54.270|False
base na regra de oferta e demanda é|00:23:54.280|00:23:56.070|False
quanto mais pessoas quiserem Bitcoin|00:23:56.080|00:23:57.510|False
mais cara vai ficar e atender isso é|00:23:57.520|00:23:59.820|False
essa então agora que você já entendeu né|00:23:59.830|00:24:01.680|False
Você vai fazer o quê nesse vi lá no|00:24:01.690|00:24:03.210|False
Instagram a rouba o Raul Sena e pera aí|00:24:03.220|00:24:05.160|False
que agora vou explicar uma coisa aqui|00:24:05.170|00:24:06.450|False
então vem tipo é considerado como|00:24:06.460|00:24:08.130|False
reserva de valor Muita gente me pergunta|00:24:08.140|00:24:10.200|False
isso porque o uso de Bitcoin como|00:24:10.210|00:24:11.400|False
reserva de valor ali né Eu uso ele para|00:24:11.410|00:24:13.440|False
proteger o meu dinheiro porque porque o|00:24:13.450|00:24:15.000|False
Real só foi um processo inflacionário o|00:24:15.010|00:24:16.980|False
dólar sobe um processo inflacionário e o|00:24:16.990|00:24:19.080|False
bitcoins são um processo deflacionário|00:24:19.090|00:24:20.970|False
só que o pit com ele não pode ser usado|00:24:20.980|00:24:22.860|False
ainda como reserva de valor porque né|00:24:22.870|00:24:24.690|False
gente porque o Bitcoin tem menos de 25|00:24:24.700|00:24:26.730|False
anos aí de história então ele não tem|00:24:26.740|00:24:29.010|False
ali né um histórico suficiente para ser|00:24:29.020|00:24:31.890|False
considerado uma reserva de valor nem|00:24:31.900|00:24:33.030|False
ligar|00:24:33.040|00:24:33.430|False
há 200 anos o Bitcoin ainda vai ter|00:24:33.440|00:24:36.070|False
valor eu acredito que vai ter o valor|00:24:36.080|00:24:37.419|False
muito superior ao que tem agora|00:24:37.429|00:24:38.710|False
inclusive amplificador são vai ser cada|00:24:38.720|00:24:40.330|False
vez maior mas a gente ainda não pode|00:24:40.340|00:24:41.919|False
chamar o Bitcoin de uma reserva de valor|00:24:41.929|00:24:43.810|False
e a segunda pergunta aqui só pra gente|00:24:43.820|00:24:45.430|False
finalizar esse primeiro episódio nos|00:24:45.440|00:24:47.169|False
outros episódios vai explicar tudo mais|00:24:47.179|00:24:48.519|False
sobre como comprar a quem define preso e|00:24:48.529|00:24:50.200|False
tudo Cê pode ficar tranquilo a última|00:24:50.210|00:24:52.210|False
pergunta que é É seguro comprar bitcoins|00:24:52.220|00:24:54.279|False
então a resposta aqui não é tão simples|00:24:54.289|00:24:56.590|False
Até pende comprar de quem como vocês|00:24:56.600|00:24:58.749|False
sabem o Bitcoin é transferido de uma|00:24:58.759|00:25:00.190|False
pessoa para outra unicamente se você|00:25:00.200|00:25:02.230|False
pagou uma pessoa que não valor ele e ela|00:25:02.240|00:25:04.269|False
não te transferiu esse Bitcoin como é|00:25:04.279|00:25:06.009|False
que vai fazer né você tem que ter uma|00:25:06.019|00:25:07.360|False
segurança que você tá comprando esses|00:25:07.370|00:25:08.919|False
vídeos com ele no lugar e dono não vamos|00:25:08.929|00:25:11.169|False
falar sobre isso agora onde você pode|00:25:11.179|00:25:12.430|False
comprar esses bitcoins em nada mas é|00:25:12.440|00:25:14.230|False
importante que você compra e bitcoins no|00:25:14.240|00:25:15.759|False
lugar seguro né que você compra bitcoins|00:25:15.769|00:25:17.799|False
transfira imediatamente para sua|00:25:17.809|00:25:19.269|False
carteira todas as vezes que você viu|00:25:19.279|00:25:21.039|False
alguém falar que perdeu muito dinheiro|00:25:21.049|00:25:22.360|False
que o Bitcoin não foi necessariamente na|00:25:22.370|00:25:25.389|False
rede do Bitcoin de fato a pessoa não que|00:25:25.399|00:25:27.340|False
uma carteira dela ela comprou o Bitcoin|00:25:27.350|00:25:29.289|False
você deixar alguém armazenando por ela|00:25:29.299|00:25:30.850|False
no bit mais você pode ser o seu próprio|00:25:30.860|00:25:32.499|False
banco você nem|00:25:32.509|00:25:33.440|False
e deixar uma outra pessoa ali com suas|00:25:33.450|00:25:35.659|False
bitcoins Você pode cuidar deles você|00:25:35.669|00:25:37.490|False
mesmo é isso que eu vou ensinar você a|00:25:37.500|00:25:38.960|False
fazer nos próximos vídeos tem uma|00:25:38.970|00:25:40.370|False
carteira e armazenar Bitcoin que você|00:25:40.380|00:25:42.049|False
conseguiu entender ou se você não|00:25:42.059|00:25:43.879|False
conseguiu deixe um comentário aqui com|00:25:43.889|00:25:45.620|False
as suas dúvidas O que é que faltou nesse|00:25:45.630|00:25:47.269|False
vídeo que eu vou complementando nos|00:25:47.279|00:25:49.190|False
próximos esquadro Espero que tenham|00:25:49.200|00:25:50.720|False
gostado de preciso muito da ajuda de|00:25:50.730|00:25:53.120|False
vocês Principado que eu preciso de vocês|00:25:53.130|00:25:54.680|False
deixa ele que eu preciso de vocês mandei|00:25:54.690|00:25:56.180|False
o vídeo para seus amigos porque só assim|00:25:56.190|00:25:58.070|False
ele vai poder continuar essa série aqui|00:25:58.080|00:25:59.360|False
para o vídeo de hoje foi só um beijão e|00:25:59.370|00:26:01.070|False
até o|00:26:01.080|00:26:03.470|False
